Record ID,Deal Name,Deal Stage,Close Date,Deal owner,Amount,Closed Lost Reason,Last Modified Date,Create Date
7321037292,Scottish Gov – Digital Technology and Cyber Services Dynamic Purchasing System [09/05/2023],Opportunity identified,2023-05-31 12:59,Michael Thomas,,,2023-05-05 09:30,2023-05-02 13:02
7256608479,Stats Wales - follow on bid [03/05/2023],Opportunity identified,2023-04-30 12:35,Mark Stringer,,,2023-05-01 08:00,2023-04-26 12:36
7256319201,Imperial World Museum - Service Design Framework Agreement,Closed: abandoned,2023-05-05 11:01,Aspasia Dellaporta,130000,,2023-05-02 12:28,2023-04-26 11:02
7255667942,NS&I - Digital Experience and Digital Enablement Supplier framework [09/05/2023],Opportunity identified,2023-05-11 09:34,Aspasia Dellaporta,168000000,,2023-05-05 08:00,2023-04-26 09:34
7192791231,GLA - Other Grants Discovery [09/05/2023],Opportunity identified,2023-04-30 09:43,Aspasia Dellaporta,30,,2023-05-02 12:20,2023-04-19 09:44
7176501707,"Falmouth Exeter Plus - Website Maintenance, Development and Hosting [25/05/2023]",Closed: abandoned,2023-05-05 14:22,Aspasia Dellaporta,100000,,2023-05-02 12:17,2023-04-17 14:24
7175866305,"Sheffield Hallam University - Web design, Development and Consultancy services",Closed: abandoned,2023-05-24 14:09,Aspasia Dellaporta,1000000,,2023-04-18 12:44,2023-04-17 14:10
7134651618,DVSA - Theory Test Continuous Improvement Engagement Event,,,Ben Marvell,,,2023-04-12 17:13,2023-04-12 17:10
7122918850,GLA - Support of Website - Duminda [09/05/2023],Opportunity identified,2023-04-30 11:08,Mark Stringer,,,2023-05-05 08:01,2023-04-11 11:08
7067743457,FCA Digital Services Framework [11/04/2023],Closed: abandoned,2023-04-30 11:32,Mark Stringer,,,2023-04-11 10:46,2023-04-04 11:32
7010137314,GLA Functional Audit,Closed: won,2023-03-31 11:10,Ben Marvell,26250,,2023-03-31 11:33,2023-03-31 11:33
7009522661,Home Office - ASPeL,Closed: won,2023-04-04 12:26,Aspasia Dellaporta,168000,,2023-04-19 15:48,2023-03-31 10:58
7002076861,Dover Harbour Board - Framework for Port Digitisation [17/05/2023],Opportunity identified,2023-04-28 16:14,Aspasia Dellaporta,,,2023-04-26 12:12,2023-03-30 16:14
6978673904,MoJ - Digital platform for language service [04/04/2023],Closed: abandoned,2023-03-31 11:51,Aspasia Dellaporta,,,2023-04-04 12:31,2023-03-28 11:52
6978657232,Home Office - Homeland Security Group: Science & Technology [23/05/2023],Opportunity identified,2023-03-31 11:38,Aspasia Dellaporta,4500000,,2023-04-18 12:30,2023-03-28 11:43
6978656469,Police Digital Service - Dynamic Decision and Case Management System (DDaCS) [25/4/2023],Closed: abandoned,2023-04-10 11:33,Aspasia Dellaporta,,,2023-04-26 12:36,2023-03-28 11:34
6933546725,Ofgem   [23/05/2023],Opportunity identified,2023-04-10 16:40,Aspasia Dellaporta,15000000,,2023-05-02 12:41,2023-03-20 16:54
6882621886,Catapult - Business Support Challenges bid [21/03/2023],Closed: lost,2023-03-17 09:02,Aspasia Dellaporta,48000,,2023-03-17 09:07,2023-03-14 09:28
6877153472,Southampton University - Digital Strategy Consultancy Services,Closed: abandoned,2023-04-04 11:48,Mark Stringer,375000,,2023-03-21 12:10,2023-03-13 11:47
6776072684,Department of Health and Social Care - Social care access project [14/03/2023],Closed: abandoned,2023-02-28 12:50,Mark Stringer,,,2023-03-13 11:45,2023-02-28 12:50
6777854937,DVSA [17/05/2023],Opportunity identified,2023-02-28 12:46,Mark Stringer,,,2023-05-09 10:13,2023-02-28 12:47
6740050371,Braintree council [06/06/2023],Opportunity identified,2023-02-28 14:53,Mark Stringer,8000000,,2023-05-02 12:08,2023-02-23 14:53
6740049875,British Council - 2023_Global - Think Customer [14/03/2023],Closed: abandoned,2023-02-28 14:48,Mark Stringer,1000000,,2023-03-13 11:47,2023-02-23 14:49
6634076359,"WIT Fran Murphy - IT Clinical Lead, Dorset NHS [14/02/2023]",Closed: won,2023-02-15 23:12,Mark Stringer,,,2023-02-15 23:12,2023-02-09 17:02
6634076112,WIT Ann Walker - Delivery Director Migration Borders Delivery Portfolio HO [14/02/2023],Closed: won,2023-02-15 10:26,Mark Stringer,,,2023-02-15 10:30,2023-02-09 16:58
6634075862,WIT Carolyn Walsh - Head of Technology British Library [14/02/2023],Closed: won,2023-02-15 23:06,Mark Stringer,,,2023-02-15 23:06,2023-02-09 16:55
6631833045,HO Police & Public Protection Technology portfolio referral [23/05/2023],Opportunity identified,2023-03-31 11:07,Aspasia Dellaporta,28000000,,2023-04-14 08:00,2023-02-09 11:08
6574754778,Digileaders [21/02/2023],Closed: abandoned,2023-02-14 12:36,Mark Stringer,,,2023-02-23 14:22,2023-02-01 12:34
6550915295,DFT - Better BSOG Discovery [24/05/2023],Awaiting outcome,2023-02-10 09:08,Michael Thomas,120000,,2023-04-26 12:08,2023-01-30 09:09
6509104829,UKGovCamp (or similar) sponsorship [08/05/2023],Opportunity identified,2023-01-31 12:40,Michael Thomas,,,2023-05-02 12:50,2023-01-25 12:42
6508986600,Thames Valley Police: Case Management Solution for ACRO [08/02/2023],Closed: abandoned,2023-02-08 11:51,Aspasia Dellaporta,,,2023-02-01 12:16,2023-01-25 11:51
6464846298,Look at TEPAS [21/03/2023],Closed: abandoned,2023-01-31 12:54,Mark Stringer,,,2023-03-28 12:12,2023-01-19 12:55
6464830667,Catch up with Martin Whiting [10/10/2023],Opportunity identified,2023-04-27 15:12,Mark Stringer,,,2023-05-02 12:12,2023-01-19 12:46
6464706284,Civil aviation authority [21/02/2023],Closed: lost,2023-02-23 14:24,Mark Stringer,250000,,2023-02-23 14:24,2023-01-19 12:30
6358281665,Catapult Satelite Applications - UCD framework [14/03/2023],Closed: won,2023-03-07 12:21,Michael Thomas,1000000,,2023-03-07 12:21,2023-01-05 11:48
6356862669,PHW Screening Services Information Systems – Discovery Phase,Closed: lost,2023-01-19 12:45,Michael Thomas,100000,,2023-01-19 12:45,2023-01-05 11:46
6238164178,Paper submission to SD Govt [09/05/2023],Opportunity identified,2023-01-25 12:36,Mark Stringer,,,2023-05-05 08:01,2022-12-20 12:25
6140022265,British Council agile technology services supplier framework [03/05/2023],Closed: lost,2023-05-02 12:09,Aspasia Dellaporta,,,2023-05-05 08:01,2022-12-07 09:57
6084800470,Strategy networking event [15/02/2023],Closed: won,2023-02-14 12:29,Mark Stringer,,,2023-02-14 12:29,2022-11-29 12:55
5932654785,UKHSA - National Biosurveillance Network Discovery,Closed: abandoned,2022-11-25 15:28,Michael Thomas,2500000,,2022-11-22 15:46,2022-11-15 15:28
5932654540,West Midlands Children's Placement Portal Replacement,Closed: abandoned,2022-11-24 15:25,Michael Thomas,1060000,,2022-11-17 10:54,2022-11-15 15:25
5931314402,BEIS Help to Heat discovery [10/01/2022],Closed: lost,2023-01-10 12:52,Michael Thomas,286750,,2023-01-10 12:52,2022-11-15 14:45
5931314156,DHSC – Adult Social Care data collection system - Discovery,Closed: abandoned,2022-11-28 14:42,Michael Thomas,150000,,2022-11-29 12:43,2022-11-15 14:43
5929590250,Birmingham City Council - Provision of Selective and Additional Licensing,Closed: abandoned,2022-11-29 15:48,Aspasia Dellaporta,,,2022-11-29 12:42,2022-11-15 11:34
5894740711,High-level contact with Madetech? [9/05/2023],Opportunity identified,2022-11-30 12:40,Mark Stringer,,,2023-05-05 08:01,2022-11-10 12:41
5811013845,BEIS - Energy Savings Opportunity Scheme (ESOS) web solution [14/02/2023],Closed: lost,2023-02-14 12:41,Aspasia Dellaporta,434250,,2023-02-20 09:08,2022-11-02 12:54
5779454177,BEIS - CHPQA portal redesign,Closed: lost,2022-12-06 12:53,Michael Thomas,300000,,2022-12-06 12:53,2022-10-28 10:10
5746728434,UK Export Finance,Closed: lost,2022-11-29 12:47,Mark Stringer,,,2022-11-29 12:47,2022-10-25 13:13
5746670282,CDEI - AI case study repository ,Closed: lost,2022-12-13 12:44,Mark Stringer,75000,,2022-12-13 12:44,2022-10-25 13:09
5746640570,Police - Oscar Kilo,Closed: lost,2022-11-22 15:41,Mark Stringer,,,2022-11-22 15:41,2022-10-25 12:56
5746639849,Demonstrate Animals - make a video of it,Closed: abandoned,2022-11-17 12:47,Mark Stringer,,,2022-11-17 10:57,2022-10-25 12:47
5700635126,Digital and Legacy Application Services (DALAS) framework [18/04/2023],Closed: abandoned,2022-11-04 08:53,Michael Thomas,1000000,,2023-04-26 12:10,2022-10-19 08:54
5607332297,Office of National statistics - shortlisting,Closed: abandoned,2022-10-20 12:46,Mark Stringer,,,2022-10-25 12:41,2022-10-04 12:45
5554886860,Marvell support package for Animals,Closed: won,2022-12-13 12:46,Mark Stringer,,,2022-12-13 12:46,2022-09-27 12:30
5519670774,National Archives - Access Your Records technical prototype Alpha,Closed: lost,2022-10-18 14:37,lenny@marvell-consulting.com (Deactivated User),,,2022-10-18 14:37,2022-09-20 13:13
5519113438,Animals in Science CRM Discovery,Closed: abandoned,2022-09-30 12:32,Aspasia Dellaporta,50000,,2022-10-25 12:38,2022-09-20 12:33
5480378071,National Archives Website IA,Closed: lost,2022-10-04 12:27,Mark Stringer,90000,,2022-10-04 12:27,2022-09-13 12:26
5458194384,Tech UK: Home Office Optimus briefing [09/05/2023],Awaiting event,2022-09-21 10:01,Ben Marvell,,,2023-05-05 08:01,2022-09-09 10:01
5403827925,UK Ship emissions reporting,Closed: abandoned,2022-09-07 12:51,Mark Stringer,,,2022-09-06 12:31,2022-09-01 12:51
5403282930,Where's my patients,Closed: abandoned,2022-09-12 12:35,Mark Stringer,,,2022-09-06 12:28,2022-09-01 12:34
5286415336,Companies house,Closed: lost,2022-09-01 12:55,Mark Stringer,,,2022-09-01 12:55,2022-08-16 12:37
5286415304,APPVIA [09/05/2023],Opportunity identified,,Mark Stringer,,,2023-04-11 10:51,2022-08-16 12:34
5286394321,StatsWales Discovery,Closed: won,2022-11-02 12:36,Mark Stringer,80000,,2023-03-31 11:00,2022-08-16 12:26
5240014798,New CTO at Imperial [27/01/2023],Closed: lost,2023-01-25 12:43,Mark Stringer,,,2023-01-25 12:43,2022-08-09 13:03
5191450845,UK Health Security Agency - Laboratory Surveillance Discovery,Closed: lost,2022-09-01 12:40,Aspasia Dellaporta,100000,,2022-09-01 12:40,2022-08-02 12:38
5147023046,UK Research and innovation - Agile IT Services Framework,Closed: abandoned,2022-08-23 11:02,Aspasia Dellaporta,9500000,,2022-08-09 12:51,2022-07-27 11:05
5140749243,Money and Pensions Service - Quality Assessment [25/07/2023],Awaiting procurement,2022-09-30 12:39,Aspasia Dellaporta,,,2023-04-11 11:05,2022-07-26 13:17
5104802260,BEIS - Laboratory Information Management System (LIMS),Closed: lost,2022-11-02 12:39,Aspasia Dellaporta,,,2023-02-20 09:08,2022-07-20 17:15
5056769512,Crown Prosecution Service - case management system [09/05/2023],Awaiting procurement,,Mark Stringer,,,2023-04-11 10:55,2022-07-12 12:33
5050659017,Plymouth Uni - Carbon Management Software ,Closed: abandoned,2022-07-18 13:24,Michael Thomas,,,2022-09-01 12:52,2022-07-11 13:25
5003262934,Somerset Integrated Domestic Abuse Service - Provision of an Electronic Case Management System ,Closed: lost,2022-07-12 12:15,Ben Marvell,,,2022-07-20 17:22,2022-07-04 14:06
5003093949,Crown Commercial Service - Spend data discovery ,Closed: lost,2022-09-01 12:54,Aspasia Dellaporta,150000,,2022-09-01 12:54,2022-07-04 13:09
4940946907,GLA OPS - discovery,Closed: won,2022-08-02 12:40,Mark Stringer,49000,,2022-08-02 12:40,2022-06-28 12:42
4940971745,University of Strathclyde - Provision of Digital Services for Co-Managed Care [14/02/2023],Closed: abandoned,2023-02-14 12:56,Mark Stringer,15000000,,2023-02-14 12:57,2022-06-28 12:41
4887347668,New Business opportunities (Ben Potter) [09/05/2023],Opportunity identified,,Aspasia Dellaporta,,,2023-05-02 12:31,2022-06-20 16:00
4832512467,Health Research Authority - new website,Closed: lost,2022-09-01 12:40,Michael Thomas,100000,,2022-09-01 12:40,2022-06-13 16:51
4832512231,CQC - User Centred Design partner,Closed: lost,2022-08-09 12:40,Ben Marvell,3000000,,2022-08-09 12:40,2022-06-13 16:47
4832511980,GLA - Performance Management,Closed: lost,2022-06-28 12:42,Aspasia Dellaporta,,,2022-12-06 15:17,2022-06-13 16:41
4792016320,Thirteen Group - customer digital services [02/05/2023],On hold / future opportunity,2022-06-27 12:08,Aspasia Dellaporta,,,2023-05-05 08:00,2022-06-07 16:33
4791568071,BEIS - Net Zero public facing content discovery,Closed: lost,2022-06-23 12:31,Aspasia Dellaporta,100000,,2023-02-20 09:08,2022-06-07 16:25
4791517650,GDS Cyprus - Gov Transformation [14/03/2023],Closed: won,2023-03-07 14:31,Aspasia Dellaporta,,,2023-03-07 14:31,2022-06-07 15:58
4791517119,BEIS - Open Regulation Platform Beta ,Closed: lost,2022-07-20 16:53,Ben Marvell,1100000,,2023-02-20 09:08,2022-06-07 15:45
4791469527,DVLA - Digital Driving License (dDL) [14/05/2023],Closed: abandoned,,Ben Marvell,,,2023-04-19 17:00,2022-06-07 15:32
4791375860,The National Archives - Digital and Publishing Services [30/05/2023],Awaiting event,2022-09-06 14:06,Aspasia Dellaporta,,,2023-05-05 08:01,2022-06-07 15:14
